{
    "weights": [
        [
            [
                5.87174594923598,
                -5.646650368982143
            ],
            [
                -6.646621553886382,
                6.80003972674497
            ]
        ],
        [
            [
                -7.279384633889002,
                -7.146999773356305
            ]
        ]
    ],
    "biases": [
        [
            [
                2.8512143040832454
            ],
            [
                3.3964709430091435
            ]
        ],
        [
            [
                10.61872242061849
            ]
        ]
    ],
    "test_results": {
        "actual": [
            [
                [
                    0.03998413414762395
                ]
            ],
            [
                [
                    0.9557984045382328
                ]
            ],
            [
                [
                    0.9549078029326143
                ]
            ],
            [
                [
                    0.036016650056934205
                ]
            ]
        ],
        "expected": [
            [
                0
            ],
            [
                1
            ],
            [
                1
            ],
            [
                0
            ]
        ]
    },
    "epochs": 1000
}